Direct?;From;To;Type;Member;FromMember
True;cs+class://Qnh/Sbs/PricingTool/Properties/Settings;cs+class://System/Configuration/ApplicationSettingsBase;MethodCall;Save;cs+class://Qnh/Sbs/PricingTool/Shell/Slider_OnValueChanged
True;cs+class://Qnh/Sbs/PricingTool/Properties/Settings;cs+class://System/Configuration/ApplicationSettingsBase;MethodCall;Save;cs+class://Qnh/Sbs/PricingTool/Shell/Slider_OnValueChanged
True;cs+class://Qnh/Sbs/PricingTool/Common/Controls/NotifyingGrid;cs+class://System/Windows/Controls/Grid;MethodCall;ColumnDefinitions;cs+class://Qnh/Sbs/PricingTool/Common/Controls/GridItems/ResetItems
True;cs+class://Qnh/Sbs/PricingTool/Common/Controls/NotifyingGrid;cs+class://System/Windows/Controls/Grid;MethodCall;RowDefinitions;cs+class://Qnh/Sbs/PricingTool/Common/Controls/GridItems/ResetItems
True;cs+class://Qnh/Sbs/PricingTool/Common/Controls/NotifyingGrid;cs+class://System/Windows/Controls/Grid;MethodCall;RowDefinitions;cs+class://Qnh/Sbs/PricingTool/Common/Controls/GridItems/AddRow
True;cs+class://Qnh/Sbs/PricingTool/Common/Controls/NotifyingGrid;cs+class://System/Windows/Controls/Grid;MethodCall;ColumnDefinitions;cs+class://Qnh/Sbs/PricingTool/Common/Controls/GridItems/AddColumn
True;cs+class://RadWrapper/RadMessageBox;cs+class://Telerik/Windows/Controls/RadWindow;MethodCall;DialogResult;cs+class://Qnh/Sbs/PricingTool/Common/View/ConfirmationMessageService/Confirm
True;cs+class://RadWrapper/RadMessageBox;cs+class://Telerik/Windows/Controls/RadWindow;MethodCall;DialogResult;cs+class://Qnh/Sbs/PricingTool/Common/View/ConfirmationMessageService/ConfirmYesNo
True;cs+class://Qnh/Sbs/PricingTool/Common/Events/AvailableMarketsChanged;cs+class://Microsoft/Practices/Prism/Events/CompositePresentationEvent[1];MethodCall;Subscribe;cs+class://Qnh/Sbs/PricingTool/Common/ViewModel/CurrentMarketViewModel/(field initializer)
True;cs+class://Qnh/Sbs/PricingTool/Common/Events/AvailableMarketsChanged;cs+class://Microsoft/Practices/Prism/Events/CompositePresentationEvent[1];MethodCall;Subscribe;cs+class://Qnh/Sbs/PricingTool/Data/MarketProvider/(field initializer)
True;cs+class://Qnh/Sbs/PricingTool/Common/Events/AvailableMarketsChanged;cs+class://Microsoft/Practices/Prism/Events/CompositePresentationEvent[1];MethodCall;Publish;cs+class://Qnh/Sbs/PricingTool/Administration/ViewModel/MarketsViewModel/OnChangesSaved
True;cs+class://Qnh/Sbs/PricingTool/Common/Events/ConnectivityExceptionEvent;cs+class://Microsoft/Practices/Prism/Events/CompositePresentationEvent[1];MethodCall;Subscribe;cs+class://Qnh/Sbs/PricingTool/Shell/(field initializer)
True;cs+class://Qnh/Sbs/PricingTool/Common/Events/ConnectivityExceptionEvent;cs+class://Microsoft/Practices/Prism/Events/CompositePresentationEvent[1];MethodCall;Publish;cs+class://Qnh/Sbs/PricingTool/Data/MarketProvider/GetActiveMarket
True;cs+class://Qnh/Sbs/PricingTool/Common/Events/ConnectivityExceptionEvent;cs+class://Microsoft/Practices/Prism/Events/CompositePresentationEvent[1];MethodCall;Subscribe;cs+class://Qnh/Sbs/PricingTool/Shell/(field initializer)
True;cs+class://Qnh/Sbs/PricingTool/Common/Events/CreateSimulationCompleted;cs+class://Microsoft/Practices/Prism/Events/CompositePresentationEvent[1];MethodCall;Publish;cs+class://Qnh/Sbs/PricingTool/Simulation/ViewModel/NewSimulation/NewItemSpecificSimulationViewModel[1]/factory_PropertyChanged
True;cs+class://Qnh/Sbs/PricingTool/Common/Events/CreateSimulationCompleted;cs+class://Microsoft/Practices/Prism/Events/CompositePresentationEvent[1];MethodCall;Publish;cs+class://Qnh/Sbs/PricingTool/Simulation/ViewModel/NewSimulation/NewPriceAnalysisViewModel/factory_PropertyChanged
True;cs+class://Qnh/Sbs/PricingTool/Common/Events/CreateSimulationCompleted;cs+class://Microsoft/Practices/Prism/Events/CompositePresentationEvent[1];MethodCall;Subscribe;cs+class://Qnh/Sbs/PricingTool/Simulation/ViewModel/SimulationListViewModel/(field initializer)
True;cs+class://Qnh/Sbs/PricingTool/Common/Events/ColourClassChangedEvent;cs+class://Microsoft/Practices/Prism/Events/CompositePresentationEvent[1];MethodCall;Publish;cs+class://Qnh/Sbs/PricingTool/MasterData/ViewModel/ColourCoefficientsViewModel/OnChangesSaved
True;cs+class://Qnh/Sbs/PricingTool/Common/Events/ColourClassChangedEvent;cs+class://Microsoft/Practices/Prism/Events/CompositePresentationEvent[1];MethodCall;Subscribe;cs+class://Qnh/Sbs/PricingTool/Simulation/ViewModel/NewSimulation/ColourPicker/(field initializer)
True;cs+class://Qnh/Sbs/PricingTool/Common/Events/RequestSelectColourClassByIdEvent;cs+class://Microsoft/Practices/Prism/Events/CompositePresentationEvent[1];MethodCall;Subscribe;cs+class://Qnh/Sbs/PricingTool/MasterData/ViewModel/ColourCoefficientsViewModel/(field initializer)
True;cs+class://Qnh/Sbs/PricingTool/Common/Events/RequestSelectColourClassByIdEvent;cs+class://Microsoft/Practices/Prism/Events/CompositePresentationEvent[1];MethodCall;Publish;cs+class://Qnh/Sbs/PricingTool/Simulation/ViewModel/SellingPrice/SellingPriceSimulationViewModel/SelectColourClass
True;cs+interface://Qnh/Sbs/PricingTool/Common/Interfaces/ISellingPriceSimulationBusiness;cs+interface://Qnh/Sbs/PricingTool/Common/Interfaces/IItemSpecificSimulationBusiness[1];MethodCall;CreateSimulation;cs+class://Qnh/Sbs/PricingTool/Simulation/ViewModel/NewSimulation/SimulationFactory/IncreaseDecreaseFactory/CreateSimulation
True;cs+interface://Qnh/Sbs/PricingTool/Common/Interfaces/ISellingPriceSimulationBusiness;cs+interface://Qnh/Sbs/PricingTool/Common/Interfaces/IItemSpecificSimulationBusiness[1];MethodCall;CloneAsync;cs+class://Qnh/Sbs/PricingTool/Simulation/ViewModel/SellingPrice/SellingPriceSimulationViewModel/Duplicate
True;cs+interface://Qnh/Sbs/PricingTool/Common/Interfaces/ISellingPriceSimulationBusiness;cs+interface://Qnh/Sbs/PricingTool/Common/Interfaces/IItemSpecificSimulationBusiness[1];MethodCall;OpenExistingAsync;cs+class://Qnh/Sbs/PricingTool/Simulation/ViewModel/SellingPrice/SellingPriceSimulationViewModel/SetSimulation
True;cs+interface://Qnh/Sbs/PricingTool/Common/Interfaces/ICostUpSimulationBusiness;cs+interface://Qnh/Sbs/PricingTool/Common/Interfaces/IItemSpecificSimulationBusiness[1];MethodCall;CloneAsync;cs+class://Qnh/Sbs/PricingTool/Simulation/ViewModel/CostUp/CostUpSimulationViewModel/Duplicate
True;cs+interface://Qnh/Sbs/PricingTool/Common/Interfaces/ICostUpSimulationBusiness;cs+interface://Qnh/Sbs/PricingTool/Common/Interfaces/IItemSpecificSimulationBusiness[1];MethodCall;SaveExistingAsync;cs+class://Qnh/Sbs/PricingTool/Simulation/ViewModel/CostUp/CostUpSimulationViewModel/Save
True;cs+interface://Qnh/Sbs/PricingTool/Common/Interfaces/ICostUpSimulationBusiness;cs+interface://Qnh/Sbs/PricingTool/Common/Interfaces/IItemSpecificSimulationBusiness[1];MethodCall;OpenExistingAsync;cs+class://Qnh/Sbs/PricingTool/Simulation/ViewModel/CostUp/CostUpSimulationViewModel/SetSimulation
True;cs+interface://Qnh/Sbs/PricingTool/Common/Interfaces/ICostUpSimulationBusiness;cs+interface://Qnh/Sbs/PricingTool/Common/Interfaces/IItemSpecificSimulationBusiness[1];MethodCall;CreateSimulation;cs+class://Qnh/Sbs/PricingTool/Simulation/ViewModel/NewSimulation/SimulationFactory/CostUpFactory/CreateSimulation
False;cs+class://Qnh/Sbs/PricingTool/Common/Model/CostUpSimulation/BaseMargins/ManualBaseMargin;cs+class://Qnh/Sbs/PricingTool/Common/Model/CostUpSimulation/BaseMargins/BaseMargin;MethodCall;Simulation;cs+class://Qnh/Sbs/PricingTool/Simulation/ViewModel/CostUp/CostElementViewModel/(field initializer)
False;cs+class://Qnh/Sbs/PricingTool/Common/Model/CostUpSimulation/BaseMargins/ManualBaseMargin;cs+class://Qnh/Sbs/PricingTool/Common/Model/CostUpSimulation/BaseMargins/BaseMargin;MethodCall;SimulationId;cs+class://Qnh/Sbs/PricingTool/Simulation/ViewModel/CostUp/CostElementViewModel/(field initializer)
False;cs+class://Qnh/Sbs/PricingTool/Common/Model/CostUpSimulation/BaseMargins/ManualBaseMargin;cs+class://Qnh/Sbs/PricingTool/Common/Model/CostUpSimulation/BaseMargins/BaseMargin;MethodCall;MarketId;cs+class://Qnh/Sbs/PricingTool/Simulation/ViewModel/CostUp/CostElementViewModel/(field initializer)
False;cs+class://Qnh/Sbs/PricingTool/Common/Model/CostUpSimulation/Coefficients/CoefficientCollection;cs+class://System/Collections/ObjectModel/ObservableCollection[1];MethodCall;Add;cs+class://Sbs/PricingTool/Tests/Simulation/CostUp/CoefficientsTest/TestShapeCoefficients
False;cs+class://Qnh/Sbs/PricingTool/Common/Model/CostUpSimulation/Coefficients/CoefficientCollection;cs+class://System/Collections/ObjectModel/ObservableCollection[1];MethodCall;Add;cs+class://Sbs/PricingTool/Tests/Simulation/CostUp/CoefficientsTest/TestShapeCoefficients
True;cs+class://Qnh/Sbs/PricingTool/Common/Model/CostUpSimulation/Coefficients/SimulationMarketCoefficient;cs+class://Qnh/Sbs/PricingTool/Common/Model/CostUpSimulation/Coefficients/Coefficient;MethodCall;SimulationId;cs+class://Qnh/Sbs/PricingTool/Simulation/ViewModel/CostUp/CostUpSimulationViewModel/LoadItems
True;cs+class://Qnh/Sbs/PricingTool/Common/Model/CostUpSimulation/Coefficients/SimulationShapeCoefficient;cs+class://Qnh/Sbs/PricingTool/Common/Model/CostUpSimulation/Coefficients/Coefficient;MethodCall;Value;cs+class://Sbs/PricingTool/Tests/Simulation/CostUp/CoefficientsTest/TestShapeCoefficients
True;cs+class://Qnh/Sbs/PricingTool/Common/Model/CostUpSimulation/Coefficients/SimulationShapeCoefficient;cs+class://Qnh/Sbs/PricingTool/Common/Model/CostUpSimulation/Coefficients/Coefficient;MethodCall;Value;cs+class://Sbs/PricingTool/Tests/Simulation/CostUp/CoefficientsTest/TestShapeCoefficients
True;cs+class://Qnh/Sbs/PricingTool/Common/Model/CostUpSimulation/Coefficients/SimulationShapeCoefficient;cs+class://Qnh/Sbs/PricingTool/Common/Model/CostUpSimulation/Coefficients/Coefficient;MethodCall;ValueMin;cs+class://Sbs/PricingTool/Tests/Simulation/CostUp/CoefficientsTest/TestShapeCoefficients
True;cs+class://Qnh/Sbs/PricingTool/Common/Model/CostUpSimulation/Coefficients/SimulationShapeCoefficient;cs+class://Qnh/Sbs/PricingTool/Common/Model/CostUpSimulation/Coefficients/Coefficient;MethodCall;ValueMax;cs+class://Sbs/PricingTool/Tests/Simulation/CostUp/CoefficientsTest/TestShapeCoefficients
False;cs+class://Qnh/Sbs/PricingTool/Common/Model/CostUpSimulation/CostUpSimulation;cs+class://Qnh/Sbs/PricingTool/Common/Model/Simulation/ItemSpecificSimulation;MethodCall;SimulationId;cs+class://Qnh/Sbs/PricingTool/Simulation/ViewModel/CostUp/CostOverride/CostOverrideViewModel/LoadOriginalCosts
False;cs+class://Qnh/Sbs/PricingTool/Common/Model/CostUpSimulation/CostUpSimulation;cs+class://Qnh/Sbs/PricingTool/Common/Model/Simulation/ItemSpecificSimulation;MethodCall;SimulationId;cs+class://Qnh/Sbs/PricingTool/Simulation/ViewModel/CostUp/CostUpSimulationViewModel/CreateNewVersion
False;cs+class://Qnh/Sbs/PricingTool/Common/Model/CostUpSimulation/CostUpSimulation;cs+class://Qnh/Sbs/PricingTool/Common/Model/Simulation/ItemSpecificSimulation;MethodCall;SimulationId;cs+class://Qnh/Sbs/PricingTool/Simulation/ViewModel/CostUp/CostUpSimulationViewModel/Duplicate
False;cs+class://Qnh/Sbs/PricingTool/Common/Model/CostUpSimulation/CostUpSimulation;cs+class://Qnh/Sbs/PricingTool/Common/Model/Simulation/ItemSpecificSimulation;MethodCall;DateModified;cs+class://Qnh/Sbs/PricingTool/Simulation/ViewModel/CostUp/CostUpSimulationViewModel/Save
False;cs+class://Qnh/Sbs/PricingTool/Common/Model/CostUpSimulation/CostUpSimulation;cs+class://Qnh/Sbs/PricingTool/Common/Model/Simulation/ItemSpecificSimulation;MethodCall;SimulationId;cs+class://Qnh/Sbs/PricingTool/Simulation/ViewModel/CostUp/CostUpSimulationViewModel/LoadItems
False;cs+class://Qnh/Sbs/PricingTool/Common/Model/CostUpSimulation/CostUpSimulation;cs+class://Qnh/Sbs/PricingTool/Common/Model/Simulation/ItemSpecificSimulation;MethodCall;Description;cs+class://Qnh/Sbs/PricingTool/Simulation/ViewModel/CostUp/CostUpSimulationViewModel/InvalidateSimulation
True;cs+class://Qnh/Sbs/PricingTool/Common/Model/CostUpSimulation/CostUpSimulationItem;cs+class://Qnh/Sbs/PricingTool/Common/Model/CostUpSimulation/SimulationScopedModel;MethodCall;SimulationId;cs+class://Qnh/Sbs/PricingTool/Common/Model/Export/Fields/SimulationId/GetData
True;cs+class://Qnh/Sbs/PricingTool/Common/Model/CostUpSimulation/CostUpSimulationItem;cs+class://Qnh/Sbs/PricingTool/Common/Model/CostUpSimulation/SimulationScopedModel;MethodCall;SimulationId;cs+class://Qnh/Sbs/PricingTool/Business/Simulation/CostUpSimulationBusiness/GetItemNumberList
True;cs+class://Qnh/Sbs/PricingTool/Common/Model/CostUpSimulation/CostUpSimulationItem;cs+class://Qnh/Sbs/PricingTool/Common/Model/CostUpSimulation/SimulationScopedModel;MethodCall;Simulation;cs+class://Qnh/Sbs/PricingTool/Business/Simulation/CostUpSimulationBusiness/LoadSimulation
True;cs+class://Qnh/Sbs/PricingTool/Common/Model/CostUpSimulation/CostUpSimulationItem;cs+class://Qnh/Sbs/PricingTool/Common/Model/CostUpSimulation/SimulationScopedModel;MethodCall;SimulationId;cs+class://Qnh/Sbs/PricingTool/Business/Simulation/CostUpSimulationBusiness/LoadSimulation
True;cs+class://Qnh/Sbs/PricingTool/Common/Model/CostUpSimulation/CostUpSimulationItem;cs+class://Qnh/Sbs/PricingTool/Common/Model/CostUpSimulation/SimulationScopedModel;MethodCall;Simulation;cs+class://Qnh/Sbs/PricingTool/Business/Simulation/CostUpSimulationBusiness/LoadSimulation
True;cs+class://Qnh/Sbs/PricingTool/Common/Model/CostUpSimulation/CostUpSimulationItem;cs+class://Qnh/Sbs/PricingTool/Common/Model/CostUpSimulation/SimulationScopedModel;MethodCall;Simulation;cs+class://Qnh/Sbs/PricingTool/Simulation/ViewModel/CostUp/CostElementViewModel/(field initializer)
True;cs+class://Qnh/Sbs/PricingTool/Common/Model/CostUpSimulation/CostUpSimulationItem;cs+class://Qnh/Sbs/PricingTool/Common/Model/CostUpSimulation/SimulationScopedModel;MethodCall;SimulationId;cs+class://Qnh/Sbs/PricingTool/Simulation/ViewModel/CostUp/CostElementViewModel/(field initializer)
False;cs+class://Qnh/Sbs/PricingTool/Common/Model/CostUpSimulation/CostUpSimulationItem;cs+class://Qnh/Sbs/PricingTool/Common/Model/CostUpSimulation/SimulationScopedModel;MethodCall;MarketId;cs+class://Qnh/Sbs/PricingTool/Simulation/ViewModel/CostUp/CostElementViewModel/(field initializer)
True;cs+class://Qnh/Sbs/PricingTool/Common/Model/Import/Cost;cs+class://Qnh/Sbs/PricingTool/Common/Model/Import/ImportEntityBase;MethodCall;BatchId;cs+class://Qnh/Sbs/PricingTool/Business/Import/CostParser/CountErrors
True;cs+class://Qnh/Sbs/PricingTool/Common/Model/Import/ItemMaster;cs+class://Qnh/Sbs/PricingTool/Common/Model/Import/ImportEntityBase;MethodCall;BatchId;cs+class://Qnh/Sbs/PricingTool/Business/Import/ItemMasterParser/CountErrors
True;cs+class://Qnh/Sbs/PricingTool/Common/Model/Import/SalesHistory;cs+class://Qnh/Sbs/PricingTool/Common/Model/Import/ImportEntityBase;MethodCall;BatchId;cs+class://Qnh/Sbs/PricingTool/Business/Import/SalesHistoryParser/CountErrors
True;cs+class://Qnh/Sbs/PricingTool/Common/Model/Import/SellingPrice;cs+class://Qnh/Sbs/PricingTool/Common/Model/Import/ImportEntityBase;MethodCall;BatchId;cs+class://Qnh/Sbs/PricingTool/Business/Import/SellingPriceParser/CountErrors
True;cs+class://Qnh/Sbs/PricingTool/Common/Model/Import/ShapeCoefficient;cs+class://Qnh/Sbs/PricingTool/Common/Model/Import/ImportEntityBase;MethodCall;BatchId;cs+class://Qnh/Sbs/PricingTool/Business/Import/ShapeCoefficientParser/CountErrors
False;cs+class://Qnh/Sbs/PricingTool/Common/Model/PriceAnalysisSimulation/PriceAnalysisSimulation;cs+class://Qnh/Sbs/PricingTool/Common/Model/Simulation/SimulationBase;MethodCall;MarketId;cs+class://Qnh/Sbs/PricingTool/Business/Simulation/GlobalPriceChangeBusiness/CreateFromDb
False;cs+class://Qnh/Sbs/PricingTool/Common/Model/PriceAnalysisSimulation/PriceAnalysisSimulation;cs+class://Qnh/Sbs/PricingTool/Common/Model/Simulation/SimulationBase;MethodCall;MarketId;cs+class://Qnh/Sbs/PricingTool/Business/Simulation/GlobalPriceChangeBusiness/CreateFromDb
True;cs+class://Qnh/Sbs/PricingTool/Common/Model/PriceAnalysisSimulation/PriceAnalysisSimulation;cs+class://Qnh/Sbs/PricingTool/Common/Model/Simulation/SimulationBase;MethodCall;SimulationId;cs+class://Qnh/Sbs/PricingTool/Business/Simulation/GlobalPriceChangeBusiness/OpenExistingSimulation
False;cs+class://Qnh/Sbs/PricingTool/Common/Model/PriceAnalysisSimulation/PriceAnalysisSimulation;cs+class://Qnh/Sbs/PricingTool/Common/Model/Simulation/SimulationBase;MethodCall;DateModified;cs+class://Qnh/Sbs/PricingTool/Business/Simulation/GlobalPriceChangeBusiness/SaveExisting
True;cs+class://Qnh/Sbs/PricingTool/Common/Model/PriceAnalysisSimulation/PriceAnalysisSimulation;cs+class://Qnh/Sbs/PricingTool/Common/Model/Simulation/SimulationBase;MethodCall;Description;cs+class://Qnh/Sbs/PricingTool/Simulation/ViewModel/NewSimulation/SimulationFactory/PriceAnalysisFactory/ConstructSimulation
True;cs+class://Qnh/Sbs/PricingTool/Common/Model/PriceAnalysisSimulation/PriceAnalysisSimulation;cs+class://Qnh/Sbs/PricingTool/Common/Model/Simulation/SimulationBase;MethodCall;CreatedBy;cs+class://Qnh/Sbs/PricingTool/Simulation/ViewModel/NewSimulation/SimulationFactory/PriceAnalysisFactory/ConstructSimulation
True;cs+class://Qnh/Sbs/PricingTool/Common/Model/PriceAnalysisSimulation/PriceAnalysisSimulation;cs+class://Qnh/Sbs/PricingTool/Common/Model/Simulation/SimulationBase;MethodCall;SimulationId;cs+class://Qnh/Sbs/PricingTool/Simulation/ViewModel/PriceAnalysis/PriceAnalysisViewModel/LoadData
True;cs+class://Qnh/Sbs/PricingTool/Common/Model/PriceAnalysisSimulation/PriceAnalysisSimulation;cs+class://Qnh/Sbs/PricingTool/Common/Model/Simulation/SimulationBase;MethodCall;Description;cs+class://Qnh/Sbs/PricingTool/Simulation/ViewModel/PriceAnalysis/PriceAnalysisViewModel/SetSimulationImpl
True;cs+class://Qnh/Sbs/PricingTool/Common/Model/HistoricalData/SalesHistory;cs+class://Qnh/Sbs/PricingTool/Common/Model/MarketScopedModel;MethodCall;MarketId;cs+class://Qnh/Sbs/PricingTool/Business/MasterData/PastAverageMargin/GetMargins
True;cs+class://Qnh/Sbs/PricingTool/Common/Model/Market;cs+class://Qnh/Sbs/PricingTool/Common/Model/MarketScopedModel;MethodCall;MarketId;cs+class://Qnh/Sbs/PricingTool/Data/MarketProvider/ChangeMarket
True;cs+class://Qnh/Sbs/PricingTool/Common/Model/Market;cs+class://Qnh/Sbs/PricingTool/Common/Model/MarketScopedModel;MethodCall;MarketId;cs+class://Qnh/Sbs/PricingTool/Data/MarketProvider/ChangeMarket
True;cs+class://Qnh/Sbs/PricingTool/Common/Model/Market;cs+class://Qnh/Sbs/PricingTool/Common/Model/MarketScopedModel;MethodCall;MarketId;cs+class://Qnh/Sbs/PricingTool/Data/MarketProvider/GetActiveMarket
True;cs+class://Qnh/Sbs/PricingTool/Common/Model/Market;cs+class://Qnh/Sbs/PricingTool/Common/Model/MarketScopedModel;MethodCall;MarketId;cs+class://Qnh/Sbs/PricingTool/Data/MarketProvider/GetActiveMarket
True;cs+class://Qnh/Sbs/PricingTool/Common/Model/Market;cs+class://Qnh/Sbs/PricingTool/Common/Model/MarketScopedModel;MethodCall;MarketId;cs+class://Qnh/Sbs/PricingTool/Data/MarketProvider/GetActiveMarket
True;cs+class://Qnh/Sbs/PricingTool/Common/Model/Market;cs+class://Qnh/Sbs/PricingTool/Common/Model/MarketScopedModel;MethodCall;MarketId;cs+class://Qnh/Sbs/PricingTool/Data/MarketProvider/GetAvailableMarkets
True;cs+class://Qnh/Sbs/PricingTool/Common/Model/Market;cs+class://Qnh/Sbs/PricingTool/Common/Model/MarketScopedModel;MethodCall;MarketId;cs+class://Qnh/Sbs/PricingTool/Data/MarketContext/GetAvailableMarketsForUser
True;cs+class://Qnh/Sbs/PricingTool/Common/Model/Market;cs+class://Qnh/Sbs/PricingTool/Common/Model/MarketScopedModel;MethodCall;MarketId;cs+class://Qnh/Sbs/PricingTool/Administration/ViewModel/MarketDetailViewModel/LoadMarketData
True;cs+class://Qnh/Sbs/PricingTool/Common/Model/Market;cs+class://Qnh/Sbs/PricingTool/Common/Model/MarketScopedModel;MethodCall;MarketId;cs+class://Qnh/Sbs/PricingTool/Administration/ViewModel/MarketsViewModel/ChangeSelection
True;cs+class://Qnh/Sbs/PricingTool/Common/Model/Market;cs+class://Qnh/Sbs/PricingTool/Common/Model/MarketScopedModel;MethodCall;MarketId;cs+class://Qnh/Sbs/PricingTool/Administration/ViewModel/MarketsViewModel/CreateViewModel
True;cs+class://Qnh/Sbs/PricingTool/Common/Model/Market;cs+class://Qnh/Sbs/PricingTool/Common/Model/MarketScopedModel;MethodCall;MarketId;cs+class://Qnh/Sbs/PricingTool/Administration/ViewModel/MarketsViewModel/ViewModelOnPurgeRequested
True;cs+class://Qnh/Sbs/PricingTool/Common/Model/Market;cs+class://Qnh/Sbs/PricingTool/Common/Model/MarketScopedModel;MethodCall;MarketId;cs+class://Qnh/Sbs/PricingTool/Administration/ViewModel/MarketsViewModel/ViewModelOnPurgeRequested
True;cs+class://Qnh/Sbs/PricingTool/Common/Model/Market;cs+class://Qnh/Sbs/PricingTool/Common/Model/MarketScopedModel;MethodCall;MarketId;cs+class://Qnh/Sbs/PricingTool/Administration/ViewModel/MarketViewModel/(field initializer)
True;cs+class://Qnh/Sbs/PricingTool/Common/Model/MasterData/PastAverageMarginProductSeries;cs+class://Qnh/Sbs/PricingTool/Common/Model/MarketScopedModel;MethodCall;MarketId;cs+class://Qnh/Sbs/PricingTool/Business/MasterData/PastAverageMargin/GetMargins
True;cs+class://Qnh/Sbs/PricingTool/Common/Model/MasterData/ShapeCoefficient;cs+class://Qnh/Sbs/PricingTool/Common/Model/MarketScopedModel;MethodCall;MarketId;cs+class://Qnh/Sbs/PricingTool/MasterData/ViewModel/ShapeCoefficientsViewModel/OnChangesSaved
True;cs+class://Qnh/Sbs/PricingTool/Common/Model/MasterData/SurfaceTreatmentArea;cs+class://Qnh/Sbs/PricingTool/Common/Model/SurfaceTreatmentAreaBase;MethodCall;Section;cs+class://Qnh/Sbs/PricingTool/Common/Model/MasterData/Item/GetArea
True;cs+class://Qnh/Sbs/PricingTool/Common/Model/MasterData/SurfaceTreatmentArea;cs+class://Qnh/Sbs/PricingTool/Common/Model/SurfaceTreatmentAreaBase;MethodCall;SurfaceTreatmentType;cs+class://Qnh/Sbs/PricingTool/Common/Model/MasterData/Item/GetArea
True;cs+class://Qnh/Sbs/PricingTool/Common/Model/MasterData/SurfaceTreatmentArea;cs+class://Qnh/Sbs/PricingTool/Common/Model/SurfaceTreatmentAreaBase;MethodCall;Area;cs+class://Qnh/Sbs/PricingTool/Common/Model/MasterData/Item/GetArea
False;cs+class://Qnh/Sbs/PricingTool/Common/Model/SellingPriceSimulation/SellingPriceSimulation;cs+class://Qnh/Sbs/PricingTool/Common/Model/Simulation/ItemSpecificSimulation;MethodCall;SimulationId;cs+class://Qnh/Sbs/PricingTool/Common/Model/SellingPriceSimulation/SellingPriceSimulationItem/Clone
False;cs+class://Qnh/Sbs/PricingTool/Common/Model/SellingPriceSimulation/SellingPriceSimulation;cs+class://Qnh/Sbs/PricingTool/Common/Model/Simulation/ItemSpecificSimulation;MethodCall;SimulationId;cs+class://Qnh/Sbs/PricingTool/Business/Simulation/SellingPriceSimulationBusiness/OpenExistingSimulation
False;cs+class://Qnh/Sbs/PricingTool/Common/Model/SellingPriceSimulation/SellingPriceSimulation;cs+class://Qnh/Sbs/PricingTool/Common/Model/Simulation/ItemSpecificSimulation;MethodCall;SimulationId;cs+class://Qnh/Sbs/PricingTool/Simulation/ViewModel/SellingPrice/SellingPriceSimulationViewModel/Duplicate
False;cs+class://Qnh/Sbs/PricingTool/Common/Model/SellingPriceSimulation/SellingPriceSimulation;cs+class://Qnh/Sbs/PricingTool/Common/Model/Simulation/ItemSpecificSimulation;MethodCall;Description;cs+class://Qnh/Sbs/PricingTool/Simulation/ViewModel/SellingPrice/SellingPriceSimulationViewModel/DuplicateCompleted
False;cs+class://Qnh/Sbs/PricingTool/Common/Model/SellingPriceSimulation/SellingPriceSimulation;cs+class://Qnh/Sbs/PricingTool/Common/Model/Simulation/ItemSpecificSimulation;MethodCall;SimulationId;cs+class://Qnh/Sbs/PricingTool/Simulation/ViewModel/SellingPrice/SellingPriceSimulationViewModel/CreateNewVersion
False;cs+class://Qnh/Sbs/PricingTool/Common/Model/SellingPriceSimulation/SellingPriceSimulation;cs+class://Qnh/Sbs/PricingTool/Common/Model/Simulation/ItemSpecificSimulation;MethodCall;SimulationId;cs+class://Qnh/Sbs/PricingTool/Simulation/ViewModel/SellingPrice/SellingPriceSimulationViewModel/LoadAllItems
False;cs+class://Qnh/Sbs/PricingTool/Common/Model/Simulation/SimulationBase;cs+class://Qnh/Sbs/PricingTool/Common/Model/MarketScopedModel;MethodCall;DateModified;cs+class://Qnh/Sbs/PricingTool/Simulation/ViewModel/SimulationListViewModel/FilterModel
True;cs+class://Qnh/Sbs/PricingTool/Common/Model/MasterData/ProductSeries;cs+class://Qnh/Sbs/PricingTool/Common/Model/MarketScopedModel;MethodCall;MarketId;cs+class://Qnh/Sbs/PricingTool/Business/Simulation/GlobalPriceChangeBusiness/CreateFromDb
True;cs+class://Qnh/Sbs/PricingTool/Common/Model/MasterData/Profile;cs+class://Qnh/Sbs/PricingTool/Common/Model/MasterData/Item;MethodCall;ItemNumber;cs+class://Qnh/Sbs/PricingTool/Common/Model/Export/Fields/Length/Prepare
True;cs+class://Qnh/Sbs/PricingTool/Common/Model/MasterData/SurfaceTreatmentGroup;cs+class://Qnh/Sbs/PricingTool/Common/Model/MarketScopedModel;MethodCall;MarketId;cs+class://Qnh/Sbs/PricingTool/Common/Model/MasterData/RalCodeCollection/AddItem
False;cs+class://Qnh/Sbs/PricingTool/Common/Model/MasterData/RalCodeCollection;cs+class://Qnh/Dtm/Controls/ViewModel/TagSourceCollection[1];MethodCall;CollectionChanged;cs+class://Qnh/Sbs/PricingTool/MasterData/ViewModel/ColourCoefficientsViewModel/OnItemsRefreshed
False;cs+class://Qnh/Sbs/PricingTool/Common/Model/MasterData/RalCodeCollection;cs+class://Qnh/Dtm/Controls/ViewModel/TagSourceCollection[1];MethodCall;Remove;cs+class://Qnh/Sbs/PricingTool/MasterData/ViewModel/ColourCoefficientsViewModel/ApplyModificationsToDatabaseItem
False;cs+class://Qnh/Sbs/PricingTool/Common/Model/MasterData/RalCodeCollection;cs+class://Qnh/Dtm/Controls/ViewModel/TagSourceCollection[1];MethodCall;Add;cs+class://Qnh/Sbs/PricingTool/MasterData/ViewModel/ColourCoefficientsViewModel/ApplyModificationsToDatabaseItem
True;cs+class://Qnh/Sbs/PricingTool/Common/Model/Security/UserMarketMapping;cs+class://Qnh/Sbs/PricingTool/Common/Model/MarketScopedModel;MethodCall;MarketId;cs+class://Qnh/Sbs/PricingTool/Data/MarketContext/GetAvailableMarketsForUser
True;cs+class://Qnh/Sbs/PricingTool/Common/Model/Security/UserMarketMapping;cs+class://Qnh/Sbs/PricingTool/Common/Model/MarketScopedModel;MethodCall;MarketId;cs+class://Qnh/Sbs/PricingTool/Administration/ViewModel/UserMarketMappingViewModel/(field initializer)
True;cs+class://Qnh/Sbs/PricingTool/Common/Model/Security/UserMarketMapping;cs+class://Qnh/Sbs/PricingTool/Common/Model/MarketScopedModel;MethodCall;MarketId;cs+class://Qnh/Sbs/PricingTool/Administration/ViewModel/MarketDetailViewModel/OnUserMappingsChanged
True;cs+class://Qnh/Sbs/PricingTool/Common/Properties/Settings;cs+class://System/Configuration/ApplicationSettingsBase;MethodCall;Save;cs+class://Qnh/Sbs/PricingTool/Data/MarketProvider/ChangeMarket
True;cs+class://Qnh/Sbs/PricingTool/Common/ViewModel/ItemChooser/ItemNode;cs+class://Qnh/Sbs/PricingTool/Common/ViewModel/ItemChooser/LeafNode;MethodCall;IsCheckedDirectlySet;cs+class://Qnh/Sbs/PricingTool/Common/ViewModel/ItemChooser/ItemLoader/LoadItems
True;cs+class://Qnh/Sbs/PricingTool/Common/ViewModel/ItemChooser/ItemNode;cs+class://Qnh/Sbs/PricingTool/Common/ViewModel/ItemChooser/LeafNode;MethodCall;IsChecked;cs+class://Qnh/Sbs/PricingTool/Common/ViewModel/ItemChooser/ItemLoader/ProductTypeCheckedChanged
True;cs+class://Qnh/Sbs/PricingTool/Common/ViewModel/ItemChooser/ItemNode;cs+class://Qnh/Sbs/PricingTool/Common/ViewModel/ItemChooser/LeafNode;MethodCall;IsChecked;cs+class://Qnh/Sbs/PricingTool/Simulation/ViewModel/NewSimulation/SimulationFactory/SelectedItemsVisitor/Visit
True;cs+class://Qnh/Sbs/PricingTool/Common/ViewModel/ItemChooser/ItemNode;cs+class://Qnh/Sbs/PricingTool/Common/ViewModel/ItemChooser/LeafNode;MethodCall;IsChecked;cs+class://Qnh/Sbs/PricingTool/Simulation/ViewModel/NewSimulation/Statistics/StatisticsVisitor/Visit
True;cs+class://Qnh/Sbs/PricingTool/Common/ViewModel/ItemChooser/ItemNode;cs+class://Qnh/Sbs/PricingTool/Common/ViewModel/ItemChooser/LeafNode;MethodCall;Parent;cs+class://Qnh/Sbs/PricingTool/Simulation/ViewModel/NewSimulation/Statistics/StatisticsVisitor/Visit
True;cs+class://Qnh/Sbs/PricingTool/Common/ViewModel/ItemChooser/ItemNode;cs+class://Qnh/Sbs/PricingTool/Common/ViewModel/ItemChooser/LeafNode;MethodCall;Parent;cs+class://Qnh/Sbs/PricingTool/Simulation/ViewModel/NewSimulation/Statistics/StatisticsVisitor/Visit
True;cs+class://Qnh/Sbs/PricingTool/Common/ViewModel/ItemChooser/ProductRangeNode;cs+class://Qnh/Sbs/PricingTool/Common/ViewModel/ItemChooser/RootNode;MethodCall;IsChecked;cs+class://Qnh/Sbs/PricingTool/Common/ViewModel/ItemChooser/ItemLoader/LoadRangesAndSeries
True;cs+class://Qnh/Sbs/PricingTool/Common/ViewModel/ItemChooser/ProductRangeNode;cs+class://Qnh/Sbs/PricingTool/Common/ViewModel/ItemChooser/RootNode;MethodCall;IsCheckedDirectlySet;cs+class://Qnh/Sbs/PricingTool/Common/ViewModel/ItemChooser/ItemLoader/LoadRangesAndSeries
True;cs+class://Qnh/Sbs/PricingTool/Common/ViewModel/ItemChooser/ProductRangeNode;cs+class://Qnh/Sbs/PricingTool/Common/ViewModel/ItemChooser/RootNode;MethodCall;AddChild;cs+class://Qnh/Sbs/PricingTool/Common/ViewModel/ItemChooser/ItemLoader/LoadRangesAndSeries
True;cs+class://Qnh/Sbs/PricingTool/Common/ViewModel/ItemChooser/ProductRangeNode;cs+class://Qnh/Sbs/PricingTool/Common/ViewModel/ItemChooser/RootNode;MethodCall;IsChecked;cs+class://Qnh/Sbs/PricingTool/MasterData/ViewModel/ItemSelector/ItemSelectorViewModel/ClearSelection
True;cs+class://Qnh/Sbs/PricingTool/Common/ViewModel/ItemChooser/ProductRangeNode;cs+class://Qnh/Sbs/PricingTool/Common/ViewModel/ItemChooser/RootNode;MethodCall;IsChecked;cs+class://Qnh/Sbs/PricingTool/Simulation/ViewModel/NewSimulation/NewItemSpecificSimulationViewModel[1]/ClearSelection
True;cs+class://Qnh/Sbs/PricingTool/Common/ViewModel/ItemChooser/ProductRangeNode;cs+class://Qnh/Sbs/PricingTool/Common/ViewModel/ItemChooser/RootNode;MethodCall;IsChecked;cs+class://Qnh/Sbs/PricingTool/Simulation/ViewModel/NewSimulation/SimulationFactory/SelectedItemsVisitor/RetrieveSelection
True;cs+class://Qnh/Sbs/PricingTool/Common/ViewModel/ItemChooser/ProductRangeNode;cs+class://Qnh/Sbs/PricingTool/Common/ViewModel/ItemChooser/RootNode;MethodCall;IsChecked;cs+class://Qnh/Sbs/PricingTool/Simulation/ViewModel/NewSimulation/SimulationFactory/SelectedItemsVisitor/RetrieveSelection
False;cs+class://Qnh/Sbs/PricingTool/Common/ViewModel/ItemChooser/ProductSeriesNode;cs+class://Qnh/Sbs/PricingTool/Common/ViewModel/ItemChooser/MiddleNode;MethodCall;IsCheckedDirectlySet;cs+class://Qnh/Sbs/PricingTool/Common/ViewModel/ItemChooser/ItemLoader/LoadRangesAndSeries
False;cs+class://Qnh/Sbs/PricingTool/Common/ViewModel/ItemChooser/ProductSeriesNode;cs+class://Qnh/Sbs/PricingTool/Common/ViewModel/ItemChooser/MiddleNode;MethodCall;AddChild;cs+class://Qnh/Sbs/PricingTool/Common/ViewModel/ItemChooser/ItemLoader/LoadItems
True;cs+class://Qnh/Sbs/PricingTool/Common/ViewModel/ItemChooser/ProductSeriesNode;cs+class://Qnh/Sbs/PricingTool/Common/ViewModel/ItemChooser/MiddleNode;MethodCall;Parent;cs+class://Qnh/Sbs/PricingTool/MasterData/ViewModel/ItemSelector/SelectionEventArgsVisitor/Visit
False;cs+class://Qnh/Sbs/PricingTool/Common/ViewModel/ItemChooser/ShapeNode;cs+class://Qnh/Sbs/PricingTool/Common/ViewModel/ItemChooser/MiddleNode;MethodCall;IsCheckedDirectlySet;cs+class://Qnh/Sbs/PricingTool/Common/ViewModel/ItemChooser/ItemLoader/LoadItems
False;cs+class://Qnh/Sbs/PricingTool/Common/ViewModel/ItemChooser/ShapeNode;cs+class://Qnh/Sbs/PricingTool/Common/ViewModel/ItemChooser/MiddleNode;MethodCall;AddChild;cs+class://Qnh/Sbs/PricingTool/Common/ViewModel/ItemChooser/ItemLoader/LoadItems
False;cs+class://Qnh/Sbs/PricingTool/Common/ViewModel/StartPageViewModel;cs+class://Qnh/Sbs/PricingTool/Common/ViewModel/WorkspaceViewModelBase;MethodCall;PropertyChanged;cs+class://Qnh/Sbs/PricingTool/Common/View/NavigationView/(field initializer)
True;cs+class://Qnh/Sbs/PricingTool/Common/ViewModel/NavigationViewModel;cs+class://Qnh/Sbs/PricingTool/Common/ViewModel/ViewModelBase;MethodCall;DisplayName;cs+class://Qnh/Sbs/PricingTool/MasterData/MasterDataNavigation/(field initializer)
True;cs+class://Qnh/Sbs/PricingTool/Common/ViewModel/NavigationViewModel;cs+class://Qnh/Sbs/PricingTool/Common/ViewModel/ViewModelBase;MethodCall;DisplayName;cs+class://Qnh/Sbs/PricingTool/MasterData/MasterDataNavigation/(field initializer)
True;cs+class://Qnh/Sbs/PricingTool/Data/ImportContext;cs+class://System/Data/Entity/DbContext;MethodCall;Database;cs+class://Qnh/Sbs/PricingTool/Data/DataImporter/ExecuteExecutionCommand
True;cs+class://Qnh/Sbs/PricingTool/Data/ImportContext;cs+class://System/Data/Entity/DbContext;MethodCall;SaveChanges;cs+class://Qnh/Sbs/PricingTool/Data/ImportWrapper/SaveChanges
True;cs+class://Qnh/Sbs/PricingTool/Data/ImportContext;cs+class://System/Data/Entity/DbContext;MethodCall;Dispose;cs+class://Qnh/Sbs/PricingTool/Data/ImportWrapper/RecreateContext
True;cs+class://Qnh/Sbs/PricingTool/Data/ImportContext;cs+class://System/Data/Entity/DbContext;MethodCall;Set;cs+class://Qnh/Sbs/PricingTool/Data/ImportWrapper/Set
True;cs+class://Qnh/Sbs/PricingTool/Data/ImportContext;cs+class://System/Data/Entity/DbContext;MethodCall;Database;cs+class://Qnh/Sbs/PricingTool/Data/ImportWrapper/InvalidateShapeCoefficientValues
True;cs+class://Qnh/Sbs/PricingTool/Data/ImportContext;cs+class://System/Data/Entity/DbContext;MethodCall;Database;cs+class://Qnh/Sbs/PricingTool/Data/ImportWrapper/CleanupUnusedMasterData
True;cs+class://Qnh/Sbs/PricingTool/Data/ImportContext;cs+class://System/Data/Entity/DbContext;MethodCall;Database;cs+class://Qnh/Sbs/PricingTool/Data/ImportWrapper/DeleteBatch
True;cs+class://Qnh/Sbs/PricingTool/Data/ImportContext;cs+class://System/Data/Entity/DbContext;MethodCall;Set;cs+class://Qnh/Sbs/PricingTool/Data/ImportWrapper/Delete
True;cs+class://Qnh/Sbs/PricingTool/Data/MarketContext;cs+class://Qnh/Sbs/PricingTool/Data/PricingToolContext;MethodCall;UserMarketMappings;cs+class://Qnh/Sbs/PricingTool/Data/MarketProvider/GetActiveMarket
True;cs+class://Qnh/Sbs/PricingTool/Data/PricingToolContext;cs+class://System/Data/Entity/DbContext;MethodCall;Set;cs+class://Qnh/Sbs/PricingTool/Data/ContextWrapper/Set
True;cs+class://Qnh/Sbs/PricingTool/Data/PricingToolContext;cs+class://System/Data/Entity/DbContext;MethodCall;Set;cs+class://Qnh/Sbs/PricingTool/Data/ContextWrapper/Add
True;cs+class://Qnh/Sbs/PricingTool/Data/PricingToolContext;cs+class://System/Data/Entity/DbContext;MethodCall;SaveChanges;cs+class://Qnh/Sbs/PricingTool/Data/ContextWrapper/SaveChanges
True;cs+class://Qnh/Sbs/PricingTool/Data/PricingToolContext;cs+class://System/Data/Entity/DbContext;MethodCall;Set;cs+class://Qnh/Sbs/PricingTool/Data/ContextWrapper/Delete
True;cs+class://Qnh/Sbs/PricingTool/Data/PricingToolContext;cs+class://System/Data/Entity/DbContext;MethodCall;Entry;cs+class://Qnh/Sbs/PricingTool/Data/ContextWrapper/Reload
True;cs+class://Qnh/Sbs/PricingTool/Data/PricingToolContext;cs+class://System/Data/Entity/DbContext;MethodCall;Database;cs+class://Qnh/Sbs/PricingTool/Data/ContextWrapper/GetDatabaseUsers
True;cs+class://Qnh/Sbs/PricingTool/Data/PricingToolContext;cs+class://System/Data/Entity/DbContext;MethodCall;Database;cs+class://Qnh/Sbs/PricingTool/Data/ContextWrapper/PurgeMarket
True;cs+class://Qnh/Sbs/PricingTool/Data/PricingToolContext;cs+class://System/Data/Entity/DbContext;MethodCall;Database;cs+class://Qnh/Sbs/PricingTool/Data/ContextWrapper/GetSalesHistoryByProductRange
True;cs+class://Qnh/Sbs/PricingTool/Data/PricingToolContext;cs+class://System/Data/Entity/DbContext;MethodCall;Database;cs+class://Qnh/Sbs/PricingTool/Data/ContextWrapper/GetSalesHistoryByProductType
True;cs+class://Qnh/Sbs/PricingTool/Data/PricingToolContext;cs+class://System/Data/Entity/DbContext;MethodCall;Database;cs+class://Qnh/Sbs/PricingTool/Data/ContextWrapper/CalculateGlobalChange
True;cs+class://Qnh/Sbs/PricingTool/Data/PricingToolContext;cs+class://System/Data/Entity/DbContext;MethodCall;Database;cs+class://Qnh/Sbs/PricingTool/Data/ContextWrapper/CreateSellingPriceSimulation
True;cs+class://Qnh/Sbs/PricingTool/Data/PricingToolContext;cs+class://System/Data/Entity/DbContext;MethodCall;Database;cs+class://Qnh/Sbs/PricingTool/Data/ContextWrapper/CreateSellingPriceSimulationFromExisting
True;cs+class://Qnh/Sbs/PricingTool/Data/PricingToolContext;cs+class://System/Data/Entity/DbContext;MethodCall;Database;cs+class://Qnh/Sbs/PricingTool/Data/ContextWrapper/CloneSellingPriceSimulation
True;cs+class://Qnh/Sbs/PricingTool/Data/PricingToolContext;cs+class://System/Data/Entity/DbContext;MethodCall;Database;cs+class://Qnh/Sbs/PricingTool/Data/ContextWrapper/CreateCostUpSimulation
True;cs+class://Qnh/Sbs/PricingTool/Data/PricingToolContext;cs+class://System/Data/Entity/DbContext;MethodCall;Database;cs+class://Qnh/Sbs/PricingTool/Data/ContextWrapper/CreateCostUpSimulationFromExisting
True;cs+class://Qnh/Sbs/PricingTool/Data/PricingToolContext;cs+class://System/Data/Entity/DbContext;MethodCall;Database;cs+class://Qnh/Sbs/PricingTool/Data/ContextWrapper/CloneCostUpSimulation
True;cs+class://Qnh/Sbs/PricingTool/Data/PricingToolContext;cs+class://System/Data/Entity/DbContext;MethodCall;Database;cs+class://Qnh/Sbs/PricingTool/Data/ContextWrapper/GetOriginalCostsForSimulation
True;cs+class://Qnh/Sbs/PricingTool/Data/PricingToolContext;cs+class://System/Data/Entity/DbContext;MethodCall;Database;cs+class://Qnh/Sbs/PricingTool/Data/ContextWrapper/GetPriceAnalysisStatistic
True;cs+class://Qnh/Sbs/PricingTool/Data/PricingToolContext;cs+class://System/Data/Entity/DbContext;MethodCall;Database;cs+class://Qnh/Sbs/PricingTool/Data/ContextWrapper/GetRalColours
True;cs+class://Qnh/Sbs/PricingTool/Data/PricingToolContext;cs+class://System/Data/Entity/DbContext;MethodCall;Dispose;cs+class://Qnh/Sbs/PricingTool/Data/ContextWrapperBase/ActiveMarketChanged
True;cs+class://Qnh/Sbs/PricingTool/Data/PricingToolContext;cs+class://System/Data/Entity/DbContext;MethodCall;Dispose;cs+class://Qnh/Sbs/PricingTool/Data/ContextWrapperBase/Dispose
True;cs+class://Qnh/Sbs/PricingTool/Data/PricingToolContext;cs+class://System/Data/Entity/DbContext;MethodCall;Database;cs+class://Qnh/Sbs/PricingTool/Data/ExportDataReader/ReadPriceListInformation
True;cs+class://Qnh/Sbs/PricingTool/Data/PricingToolContext;cs+class://System/Data/Entity/DbContext;MethodCall;Database;cs+class://Qnh/Sbs/PricingTool/Data/SellingPriceSimulationInformation/GetItemCountsByColourClass
True;cs+class://Qnh/Sbs/PricingTool/MasterData/ViewModel/ProductSeriesViewModel;cs+class://Qnh/Sbs/PricingTool/Common/ViewModel/WrapperViewModel[1];MethodCall;Entity;cs+class://Qnh/Sbs/PricingTool/MasterData/ViewModel/Converters/ViewModelToProductSeriesConverter/Convert
True;cs+class://Qnh/Sbs/PricingTool/MasterData/ViewModel/ProductSeriesViewModel;cs+class://Qnh/Sbs/PricingTool/Common/ViewModel/WrapperViewModel[1];MethodCall;Entity;cs+class://Qnh/Sbs/PricingTool/MasterData/ViewModel/ProductSeriesWorkspaceViewModel/CalculationFinished
True;cs+class://Qnh/Sbs/PricingTool/MasterData/ViewModel/ProductSeriesViewModel;cs+class://Qnh/Sbs/PricingTool/Common/ViewModel/WrapperViewModel[1];MethodCall;Entity;cs+class://Qnh/Sbs/PricingTool/MasterData/ViewModel/ProductSeriesWorkspaceViewModel/CalculationFinished
True;cs+class://Qnh/Sbs/PricingTool/MasterData/ViewModel/SalesHistoryViewModel;cs+class://Qnh/Sbs/PricingTool/Common/ViewModel/WrapperViewModel[1];MethodCall;Entity;cs+class://Qnh/Sbs/PricingTool/MasterData/ViewModel/Detail/SalesHistoryViewModelBase/OnCurrentYearChanged
True;cs+class://Qnh/Sbs/PricingTool/MasterData/ViewModel/SalesHistoryViewModel;cs+class://Qnh/Sbs/PricingTool/Common/ViewModel/WrapperViewModel[1];MethodCall;Entity;cs+class://Qnh/Sbs/PricingTool/MasterData/ViewModel/Detail/SalesHistoryViewModelBase/OnCurrentYearChanged
True;cs+class://Qnh/Sbs/PricingTool/MasterData/ViewModel/SalesHistoryViewModel;cs+class://Qnh/Sbs/PricingTool/Common/ViewModel/WrapperViewModel[1];MethodCall;Entity;cs+class://Qnh/Sbs/PricingTool/MasterData/ViewModel/Detail/SalesHistoryViewModelBase/OnCurrentYearChanged
True;cs+class://Qnh/Sbs/PricingTool/MasterData/ViewModel/SalesHistoryViewModel;cs+class://Qnh/Sbs/PricingTool/Common/ViewModel/WrapperViewModel[1];MethodCall;Entity;cs+class://Qnh/Sbs/PricingTool/MasterData/ViewModel/Detail/SalesHistoryViewModelBase/OnCurrentYearChanged
True;cs+class://Qnh/Sbs/PricingTool/MasterData/ViewModel/SalesHistoryViewModel;cs+class://Qnh/Sbs/PricingTool/Common/ViewModel/WrapperViewModel[1];MethodCall;Entity;cs+class://Qnh/Sbs/PricingTool/MasterData/ViewModel/Detail/SalesHistoryViewModelBase/OnCurrentYearChanged
True;cs+class://Qnh/Sbs/PricingTool/MasterData/ViewModel/SalesHistoryViewModel;cs+class://Qnh/Sbs/PricingTool/Common/ViewModel/WrapperViewModel[1];MethodCall;Entity;cs+class://Qnh/Sbs/PricingTool/MasterData/ViewModel/Detail/SalesHistoryViewModelBase/OnCurrentYearChanged
True;cs+class://Qnh/Sbs/PricingTool/MasterData/ViewModel/ShapeCoefficientValuesViewModel;cs+class://Qnh/Sbs/PricingTool/Common/ViewModel/WrapperViewModel[1];MethodCall;Entity;cs+class://Qnh/Sbs/PricingTool/MasterData/ViewModel/ViewModelToShapeCoefficientValueConverter/Convert
True;cs+class://Qnh/Sbs/PricingTool/MasterData/ViewModel/Events/SelectionChangedEvent;cs+class://Microsoft/Practices/Prism/Events/CompositePresentationEvent[1];MethodCall;Subscribe;cs+class://Qnh/Sbs/PricingTool/MasterData/ViewModel/Detail/SalesHistoryViewModelBase/OnImportsSatisfied
True;cs+class://Qnh/Sbs/PricingTool/MasterData/ViewModel/Events/SelectionChangedEvent;cs+class://Microsoft/Practices/Prism/Events/CompositePresentationEvent[1];MethodCall;Publish;cs+class://Qnh/Sbs/PricingTool/MasterData/ViewModel/ItemSelector/ItemSelectorViewModel/ChangeSelection
True;cs+class://Qnh/Sbs/PricingTool/MasterData/ViewModel/Events/SelectionChangedEvent;cs+class://Microsoft/Practices/Prism/Events/CompositePresentationEvent[1];MethodCall;Subscribe;cs+class://Qnh/Sbs/PricingTool/MasterData/ViewModel/ShapeDetailsViewModel/(field initializer)
True;cs+class://Qnh/Sbs/PricingTool/MasterData/ViewModel/Events/SelectionChangedEvent;cs+class://Microsoft/Practices/Prism/Events/CompositePresentationEvent[1];MethodCall;Subscribe;cs+class://Qnh/Sbs/PricingTool/MasterData/ViewModel/ItemDetailsViewModel/(field initializer)
True;cs+class://Qnh/Sbs/PricingTool/MasterData/ViewModel/DiscountGroupViewModel;cs+class://Qnh/Sbs/PricingTool/Common/ViewModel/WrapperViewModel[1];MethodCall;Entity;cs+class://Qnh/Sbs/PricingTool/MasterData/ViewModel/DiscountGroupsWorkspaceViewModel/CalculationFinished
True;cs+class://Qnh/Sbs/PricingTool/MasterData/ViewModel/DiscountGroupViewModel;cs+class://Qnh/Sbs/PricingTool/Common/ViewModel/WrapperViewModel[1];MethodCall;Entity;cs+class://Qnh/Sbs/PricingTool/MasterData/ViewModel/ViewModelToDiscountGroupConverter/Convert
True;cs+class://Qnh/Sbs/PricingTool/MasterData/ViewModel/GlobalsViewModel;cs+class://Qnh/Sbs/PricingTool/Common/ViewModel/WrapperViewModel[1];MethodCall;Entity;cs+class://Qnh/Sbs/PricingTool/MasterData/ViewModel/ViewModelToMarketCoefficientConverter/Convert
False;cs+class://Qnh/Sbs/PricingTool/MasterData/ViewModel/ItemDetailsViewModel;cs+class://Qnh/Sbs/PricingTool/Common/ViewModel/WorkspaceViewModelBase;MethodCall;PropertyChanged;cs+class://Qnh/Sbs/PricingTool/MasterData/View/ItemDetailsView/(field initializer)
True;cs+class://Qnh/Sbs/PricingTool/Simulation/ViewModel/CostUp/CoefficientViewModel;cs+class://Qnh/Sbs/PricingTool/Common/ViewModel/BindableBase;MethodCall;PropertyChanged;cs+class://Qnh/Sbs/PricingTool/Simulation/ViewModel/CostUp/CoefficientViewModelCollection/InsertItem
True;cs+class://Qnh/Sbs/PricingTool/Simulation/ViewModel/CostUp/CoefficientViewModel;cs+class://Qnh/Sbs/PricingTool/Common/ViewModel/BindableBase;MethodCall;PropertyChanged;cs+class://Qnh/Sbs/PricingTool/Simulation/ViewModel/CostUp/CoefficientViewModelCollection/RemoveItem
False;cs+class://Qnh/Sbs/PricingTool/Simulation/ViewModel/CostUp/CoefficientViewModelCollection;cs+class://System/Collections/ObjectModel/ObservableCollection[1];MethodCall;Add;cs+class://Qnh/Sbs/PricingTool/Simulation/ViewModel/CostUp/CostUpSimulationItemViewModel/InitializeCoefficients
False;cs+class://Qnh/Sbs/PricingTool/Simulation/ViewModel/CostUp/CoefficientViewModelCollection;cs+class://System/Collections/ObjectModel/ObservableCollection[1];MethodCall;Add;cs+class://Qnh/Sbs/PricingTool/Simulation/ViewModel/CostUp/CostUpSimulationItemViewModel/InitializeCoefficients
True;cs+class://Qnh/Sbs/PricingTool/Simulation/ViewModel/CostUp/CostElementViewModel;cs+class://Qnh/Sbs/PricingTool/Common/ViewModel/BindableBase;MethodCall;PropertyChanged;cs+class://Qnh/Sbs/PricingTool/Simulation/ViewModel/CostUp/CostElementViewModelCollection/InsertItem
True;cs+class://Qnh/Sbs/PricingTool/Simulation/ViewModel/CostUp/CostElementViewModel;cs+class://Qnh/Sbs/PricingTool/Common/ViewModel/BindableBase;MethodCall;PropertyChanged;cs+class://Qnh/Sbs/PricingTool/Simulation/ViewModel/CostUp/CostElementViewModelCollection/RemoveItem
True;cs+class://Qnh/Sbs/PricingTool/Simulation/ViewModel/Modifiers/MarketNode;cs+class://Qnh/Sbs/PricingTool/Simulation/ViewModel/Modifiers/RootNode;MethodCall;AddChild;cs+class://Qnh/Sbs/PricingTool/Simulation/ViewModel/Modifiers/ModifierLoader/LoadNodes
False;cs+class://Qnh/Sbs/PricingTool/Simulation/ViewModel/Modifiers/ProductRangeNode;cs+class://Qnh/Sbs/PricingTool/Simulation/ViewModel/Modifiers/MiddleNode;MethodCall;AddChild;cs+class://Qnh/Sbs/PricingTool/Simulation/ViewModel/Modifiers/ModifierLoader/LoadNodes
False;cs+class://Qnh/Sbs/PricingTool/Simulation/ViewModel/Modifiers/ProductSeriesNode;cs+class://Qnh/Sbs/PricingTool/Simulation/ViewModel/Modifiers/LeafNode;MethodCall;DisplayName;cs+class://Qnh/Sbs/PricingTool/Simulation/ViewModel/Modifiers/ModifierLoader/FindSeriesNode
True;cs+class://Qnh/Sbs/PricingTool/Simulation/ViewModel/Modifiers/ProductSeriesNode;cs+class://Qnh/Sbs/PricingTool/Simulation/ViewModel/Modifiers/LeafNode;MethodCall;Parent;cs+class://Qnh/Sbs/PricingTool/Simulation/ViewModel/Modifiers/ModifierLoader/FindSeriesNode
True;cs+class://Qnh/Sbs/PricingTool/Simulation/ViewModel/Modifiers/ProductSeriesNode;cs+class://Qnh/Sbs/PricingTool/Simulation/ViewModel/Modifiers/LeafNode;MethodCall;Parent;cs+class://Qnh/Sbs/PricingTool/Simulation/ViewModel/Modifiers/ModifierLoader/FindSeriesNode
True;cs+class://Qnh/Sbs/PricingTool/Simulation/ViewModel/Modifiers/ProductSeriesNode;cs+class://Qnh/Sbs/PricingTool/Simulation/ViewModel/Modifiers/LeafNode;MethodCall;Parent;cs+class://Qnh/Sbs/PricingTool/Simulation/ViewModel/NewSimulation/SimulationFactory/PriceAnalysisFactory/ConstructSimulation
False;cs+class://Qnh/Sbs/PricingTool/Simulation/ViewModel/Modifiers/ProductSeriesNode;cs+class://Qnh/Sbs/PricingTool/Simulation/ViewModel/Modifiers/LeafNode;MethodCall;DisplayName;cs+class://Qnh/Sbs/PricingTool/Simulation/ViewModel/NewSimulation/SimulationFactory/PriceAnalysisFactory/ConstructSimulation
True;cs+class://Qnh/Sbs/PricingTool/Simulation/ViewModel/Modifiers/ProductSeriesNode;cs+class://Qnh/Sbs/PricingTool/Simulation/ViewModel/Modifiers/LeafNode;MethodCall;Parent;cs+class://Qnh/Sbs/PricingTool/Simulation/ViewModel/NewSimulation/SimulationFactory/PriceAnalysisFactory/ConstructSimulation
False;cs+class://Qnh/Sbs/PricingTool/Simulation/ViewModel/Modifiers/ProductTypeNode;cs+class://Qnh/Sbs/PricingTool/Simulation/ViewModel/Modifiers/MiddleNode;MethodCall;AddChild;cs+class://Qnh/Sbs/PricingTool/Simulation/ViewModel/Modifiers/ModifierLoader/LoadNodes
False;cs+class://Qnh/Sbs/PricingTool/Simulation/ViewModel/PriceAnalysis/PriceAnalysisViewModel;cs+class://Qnh/Sbs/PricingTool/Simulation/ViewModel/SimulationViewModelBase;MethodCall;PropertyChanged;cs+class://Qnh/Sbs/PricingTool/Simulation/View/PriceAnalysisView/GlobalPriceChangeViewDataContextChanged
False;cs+class://Qnh/Sbs/PricingTool/Simulation/ViewModel/SimulationViewModelBase;cs+class://Qnh/Sbs/PricingTool/Common/ViewModel/WorkspaceViewModelBase;MethodCall;DisplayName;cs+class://Qnh/Sbs/PricingTool/Simulation/Controller/SimulationViewController/ChangeName
True;cs+class://Qnh/Sbs/PricingTool/Import/Events/RequestBatchErrorSummaryEvent;cs+class://Microsoft/Practices/Prism/Events/CompositePresentationEvent[1];MethodCall;Subscribe;cs+class://Qnh/Sbs/PricingTool/Import/ImportModule/Initialize
True;cs+class://Qnh/Sbs/PricingTool/Import/Events/RequestBatchErrorSummaryEvent;cs+class://Microsoft/Practices/Prism/Events/CompositePresentationEvent[1];MethodCall;Publish;cs+class://Qnh/Sbs/PricingTool/Import/ViewModel/FixDataViewModel/ViewSummary
True;cs+interface://Qnh/Dtm/Controls/ViewModel/IWizardAware;cs+interface://System/ComponentModel/INotifyPropertyChanged;MethodCall;PropertyChanged;cs+class://Qnh/Dtm/Controls/Wizard/OnDataContextChanged
True;cs+interface://Qnh/Dtm/Controls/ViewModel/IWizardAware;cs+interface://System/ComponentModel/INotifyPropertyChanged;MethodCall;PropertyChanged;cs+class://Qnh/Dtm/Controls/Wizard/OnDataContextChanged
True;cs+interface://Qnh/Dtm/Controls/ViewModel/IWizardAware;cs+interface://System/ComponentModel/INotifyPropertyChanged;MethodCall;PropertyChanged;cs+class://Qnh/Dtm/Controls/Wizard/NextPage
True;cs+interface://Qnh/Dtm/Controls/ViewModel/IWizardAware;cs+interface://System/ComponentModel/INotifyPropertyChanged;MethodCall;PropertyChanged;cs+class://Qnh/Dtm/Controls/Wizard/NextPage
True;cs+class://Qnh/Sbs/PricingTool/Administration/ViewModel/UserMarketMappingViewModel;cs+class://Qnh/Sbs/PricingTool/Common/ViewModel/WrapperViewModel[1];MethodCall;Entity;cs+class://Qnh/Sbs/PricingTool/Administration/ViewModel/MarketDetailViewModel/OnUserMappingsChanged
True;cs+class://Qnh/Sbs/PricingTool/Administration/ViewModel/UserMarketMappingViewModel;cs+class://Qnh/Sbs/PricingTool/Common/ViewModel/WrapperViewModel[1];MethodCall;Entity;cs+class://Qnh/Sbs/PricingTool/Administration/ViewModel/MarketDetailViewModel/Save
True;cs+class://Qnh/Sbs/PricingTool/Administration/ViewModel/UserMarketMappingViewModel;cs+class://Qnh/Sbs/PricingTool/Common/ViewModel/WrapperViewModel[1];MethodCall;Entity;cs+class://Qnh/Sbs/PricingTool/Administration/ViewModel/MarketDetailViewModel/Save
True;cs+class://Qnh/Sbs/PricingTool/Administration/ViewModel/Events/MarketSelectionChangedEvent;cs+class://Microsoft/Practices/Prism/Events/CompositePresentationEvent[1];MethodCall;Subscribe;cs+class://Qnh/Sbs/PricingTool/Administration/ViewModel/MarketDetailViewModel/InitializeEventHandler
True;cs+class://Qnh/Sbs/PricingTool/Administration/ViewModel/Events/MarketSelectionChangedEvent;cs+class://Microsoft/Practices/Prism/Events/CompositePresentationEvent[1];MethodCall;Publish;cs+class://Qnh/Sbs/PricingTool/Administration/ViewModel/MarketsViewModel/ChangeSelection
True;cs+class://Qnh/Sbs/PricingTool/Administration/ViewModel/MarketViewModel;cs+class://Qnh/Sbs/PricingTool/Common/ViewModel/WrapperViewModel[1];MethodCall;Entity;cs+class://Qnh/Sbs/PricingTool/Administration/ViewModel/MarketsViewModel/ChangeSelection
True;cs+class://Qnh/Sbs/PricingTool/Administration/ViewModel/MarketViewModel;cs+class://Qnh/Sbs/PricingTool/Common/ViewModel/WrapperViewModel[1];MethodCall;Entity;cs+class://Qnh/Sbs/PricingTool/Administration/ViewModel/MarketsViewModel/ViewModelOnPurgeRequested
True;cs+class://Qnh/Sbs/PricingTool/Administration/ViewModel/MarketViewModel;cs+class://Qnh/Sbs/PricingTool/Common/ViewModel/WrapperViewModel[1];MethodCall;Entity;cs+class://Qnh/Sbs/PricingTool/Administration/ViewModel/MarketsViewModel/ViewModelOnPurgeRequested
True;cs+class://Qnh/Sbs/PricingTool/Administration/ViewModel/MarketViewModel;cs+class://Qnh/Sbs/PricingTool/Common/ViewModel/WrapperViewModel[1];MethodCall;Entity;cs+class://Qnh/Sbs/PricingTool/Administration/ViewModel/ViewModelToMarketConverter/ConvertCore
True;cs+class://Qnh/Dtm/Controls/TagInputItem;cs+class://System/Windows/Controls/ContentControl;MethodCall;Content;cs+class://Qnh/Dtm/Controls/TagInput/InsertItem
True;cs+class://Qnh/Dtm/Controls/TagInputItem;cs+class://System/Windows/Controls/ContentControl;MethodCall;Content;cs+class://Qnh/Dtm/Controls/TagInput/ContainerOnRequestClose
False;cs+interface://Qnh/Dtm/Controls/ViewModel/ITagListItemsSource;cs+interface://System/Collections/IList;MethodCall;Count;cs+class://Qnh/Dtm/Controls/TagInput/OnBackKeyPressed
True;cs+interface://Qnh/Dtm/Controls/ViewModel/ITagListItemsSource;cs+interface://System/Collections/IList;MethodCall;Remove;cs+class://Qnh/Dtm/Controls/TagInput/RemoveItem
True;cs+interface://Qnh/Dtm/Controls/ViewModel/ITagListItemsSource;cs+interface://System/Collections/Specialized/INotifyCollectionChanged;MethodCall;CollectionChanged;cs+class://Qnh/Dtm/Controls/TagInput/InvalidateItems
